{
    "-100": [
        0.0830589020790002,
        1.0685173357177327
    ],
    "-99": [
        0.07817787368480493,
        1.0269045996339334
    ],
    "-98": [
        0.07183777767068836,
        1.0062608483013356
    ],
    "-97": [
        0.07357932607839873,
        0.9839218721326433
    ],
    "-96": [
        0.07654570168421593,
        1.053370703526028
    ],
    "-95": [
        0.08141094777708215,
        1.0218831845497671
    ],
    "-94": [
        0.07348508904716988,
        0.9015972113530921
    ],
    "-93": [
        0.07325454915432822,
        1.0263840351236386
    ],
    "-92": [
        0.08426424266947989,
        1.0773508846244664
    ],
    "-91": [
        0.07836575944610266,
        1.0294068961285352
    ],
    "-90": [
        0.07070432999556556,
        1.005061399478631
    ],
    "-89": [
        0.07272319854622136,
        0.9769314572781955
    ],
    "-88": [
        0.07636094277246784,
        1.060060711108809
    ],
    "-87": [
        0.08228707484553743,
        1.0226468984376218
    ],
    "-86": [
        0.07291311216248238,
        0.8793257970906149
    ],
    "-85": [
        0.07244570061871176,
        1.0292725389770676
    ],
    "-84": [
        0.08557611091292877,
        1.0879643763754339
    ],
    "-83": [
        0.07844403302302635,
        1.0312055786312322
    ],
    "-82": [
        0.06932834016904124,
        1.0027567004239248
    ],
    "-81": [
        0.0718778136185106,
        0.9685359029305948
    ],
    "-80": [
        0.0762993501946414,
        1.070361964616304
    ],
    "-79": [
        0.0833345028575663,
        1.0242730083034848
    ],
    "-78": [
        0.07193906887778799,
        0.8478583113760689
    ],
    "-77": [
        0.07118900478175487,
        1.0315148757251011
    ],
    "-76": [
        0.08744564729386808,
        1.1007960502050127
    ],
    "-75": [
        0.07884657595028437,
        1.0343393673892465
    ],
    "-74": [
        0.06767368576699817,
        1.0015970819340332
    ],
    "-73": [
        0.0706335582573675,
        0.9576604134113473
    ],
    "-72": [
        0.07591183828611765,
        1.0837194518063915
    ],
    "-71": [
        0.0845529675114287,
        1.024780145214387
    ],
    "-70": [
        0.07085488979555166,
        0.8032070961784855
    ],
    "-69": [
        0.06979142755212422,
        1.0356609905279393
    ],
    "-68": [
        0.09025788940632823,
        1.1188442529129268
    ],
    "-67": [
        0.07927920111784816,
        1.0394330422308873
    ],
    "-66": [
        0.06505436438332239,
        0.9988456349942018
    ],
    "-65": [
        0.06872185686455304,
        0.9394339241164862
    ],
    "-64": [
        0.07551015197195247,
        1.1016144030553017
    ],
    "-63": [
        0.08660824936045602,
        1.0262511089760367
    ],
    "-62": [
        0.06973822895062665,
        0.7411485098082037
    ],
    "-61": [
        0.0676683253589149,
        1.0429800145939234
    ],
    "-60": [
        0.09394294514906762,
        1.1423102418495827
    ],
    "-59": [
        0.07966084216616125,
        1.0445747525560583
    ],
    "-58": [
        0.06144370238938165,
        0.9935954636111352
    ],
    "-57": [
        0.06639044327862238,
        0.9129620181828463
    ],
    "-56": [
        0.07521870814440748,
        1.1301183587183572
    ],
    "-55": [
        0.0894463768983851,
        1.0290611998393029
    ],
    "-54": [
        0.06823237060219084,
        0.6430969048956431
    ],
    "-53": [
        0.06424197183025361,
        1.0520418146025272
    ],
    "-52": [
        0.09971008700920761,
        1.1730595169079547
    ],
    "-51": [
        0.08067914499864373,
        1.0531224243087858
    ],
    "-50": [
        0.0562700303455535,
        0.9886441733933996
    ],
    "-49": [
        0.06276597657333259,
        0.8694617117768622
    ],
    "-48": [
        0.07437395550498606,
        1.174283274291522
    ],
    "-47": [
        0.09350763220197388,
        1.0305945496332833
    ],
    "-46": [
        0.06745224147402665,
        0.4840096073627289
    ],
    "-45": [
        0.05933871581231744,
        1.0700708051696906
    ],
    "-44": [
        0.10945536844572075,
        1.216893101509728
    ],
    "-43": [
        0.08210224789960029,
        1.0675411418477307
    ],
    "-42": [
        0.047387778950297034,
        0.9767237600841523
    ],
    "-41": [
        0.05692300993538926,
        0.7800476525012353
    ],
    "-40": [
        0.07342635043827209,
        1.2480448247768514
    ],
    "-39": [
        0.1008002878691513,
        1.033578113266487
    ],
    "-38": [
        0.07006513640123245,
        0.22638941626889955
    ],
    "-37": [
        0.0507064931182375,
        1.1122487702251274
    ],
    "-36": [
        0.12619868979729354,
        1.2774711061898805
    ],
    "-35": [
        0.08414578845338264,
        1.0879818192567945
    ],
    "-34": [
        0.0319742507326944,
        0.9403276724963556
    ],
    "-33": [
        0.04869347639512574,
        0.5740413776136937
    ],
    "-32": [
        0.07312230119434418,
        1.3915687861440456
    ],
    "-31": [
        0.11382119217999004,
        1.0382453028445264
    ],
    "-30": [
        0.08550129847571204,
        -0.17244798093506775
    ],
    "-29": [
        0.033774109165750334,
        1.2485690006645493
    ],
    "-28": [
        0.16069613563345597,
        1.3587697240990844
    ],
    "-27": [
        0.08897920781245065,
        1.125892428685563
    ],
    "-26": [
        0.0029012542145698274,
        -0.19191167769962103
    ],
    "-25": [
        0.04233903457204732,
        -0.05264759053365515
    ],
    "-24": [
        0.07617809877794461,
        1.7046151064995325
    ],
    "-23": [
        0.14085554743105583,
        1.038883076944265
    ],
    "-22": [
        0.14649191211976284,
        -0.6013700046275161
    ],
    "-21": [
        0.01706048298520593,
        3.0573568086081826
    ],
    "-20": [
        0.24866940039072566,
        1.4635593210636377
    ],
    "-19": [
        0.09960205302358405,
        1.2036844467571164
    ],
    "-18": [
        0.07914161169730749,
        -2.1006156547358867
    ],
    "-17": [
        0.09503169538023734,
        -1.0087336127458089
    ],
    "-16": [
        0.11545094511886365,
        2.3326794791730636
    ],
    "-15": [
        0.21636430296440334,
        1.0289073493447072
    ],
    "-14": [
        0.3745810501354033,
        -0.8907515040703226
    ],
    "-13": [
        0.15520031786192587,
        -2.4134355995897265
    ],
    "-12": [
        0.5797412224793888,
        1.5759366545546274
    ],
    "-11": [
        0.12797330996316028,
        1.376184970944659
    ],
    "-10": [
        0.405386045988488,
        -2.172010063973645
    ],
    "-9": [
        0.45903536525087935,
        -1.2526485797560356
    ],
    "-8": [
        0.5216213384814823,
        2.965639771773404
    ],
    "-7": [
        0.5277730381992047,
        0.9053384925838645
    ],
    "-6": [
        1.9033984463171476,
        -0.9791321050033995
    ],
    "-5": [
        1.6898279987131972,
        -2.477529088812123
    ],
    "-4": [
        4.989673925493594,
        1.5280840788610144
    ],
    "-3": [
        1.1687919139098526,
        -1.7408753482160444
    ],
    "-2": [
        14.11974441223702,
        -2.6240019803738455
    ],
    "-1": [
        11.950128212150517,
        -0.8842124416091143
    ],
    "0": [
        0.0,
        0.0
    ],
    "1": [
        25.171281016248976,
        -1.6483193055301903
    ],
    "2": [
        9.062663423707528,
        -0.4017379975172794
    ],
    "3": [
        5.249415112038187,
        -2.8850457551972046
    ],
    "4": [
        4.216874993156978,
        0.7994026594348682
    ],
    "5": [
        1.0712544600004819,
        1.4213765234056057
    ],