{
    "-100": [
        0.018265280869284622,
        0.9445640783830059
    ],
    "-99": [
        1.3961089947017946,
        0.8024540618637247
    ],
    "-98": [
        2.3047947022182376,
        0.39628591185723794
    ],
    "-97": [
        1.0028392951824987,
        1.31232645000361
    ],
    "-96": [
        2.607623613776822,
        1.2302219109350767
    ],
    "-95": [
        3.000112274912689,
        1.4279869171858293
    ],
    "-94": [
        1.3112016386603456,
        0.3855405103579306
    ],
    "-93": [
        0.9088181894941584,
        0.987681079744477
    ],
    "-92": [
        1.4674010853976538,
        0.9877989019994515
    ],
    "-91": [
        1.8018248617147208,
        1.079998420310024
    ],
    "-90": [
        2.343490619086228,
        1.7860395115506638
    ],
    "-89": [
        2.2035546758280105,
        0.8293355760636916
    ],
    "-88": [
        2.251702422169797,
        0.7231059440492782
    ],
    "-87": [
        0.6518560017724545,
        0.43858374909143977
    ],
    "-86": [
        2.5991032845543494,
        0.9338319239865379
    ],
    "-85": [
        0.795457746940348,
        -0.09202373181061987
    ],
    "-84": [
        0.1348551483555201,
        1.079196923893234
    ],
    "-83": [
        1.6816297755778276,
        0.7897326502088322
    ],
    "-82": [
        4.062895189570177,
        0.3366532313346619
    ],
    "-81": [
        1.1163030133145537,
        0.3607702855903805
    ],
    "-80": [
        3.1537108214856246,
        1.9205652928671055
    ],
    "-79": [
        2.540125103375279,
        1.2276219198052345
    ],
    "-78": [
        1.456452513341952,
        -1.719659711811842
    ],
    "-77": [
        0.9599501239969696,
        1.7269667503759811
    ],
    "-76": [
        2.8118910919511744,
        0.7096533387632078
    ],
    "-75": [
        2.7162124322903702,
        1.1135377833260067
    ],
    "-74": [
        1.9296034177263375,
        0.5117530046228755
    ],
    "-73": [
        0.7387498868830008,
        -1.7881098208692585
    ],
    "-72": [
        2.4762698880002465,
        1.1836567352453289
    ],
    "-71": [
        3.81941210063693,
        0.5183853840386687
    ],
    "-70": [
        1.1287003136147902,
        2.1052978911810407
    ],
    "-69": [
        3.6797091951762293,
        1.3255538750023155
    ],
    "-68": [
        2.8035398201868387,
        0.793677876573225
    ],
    "-67": [
        2.462123988150391,
        -0.4452624483284955
    ],
    "-66": [
        1.3449379974746605,
        2.6754278335284223
    ],
    "-65": [
        2.628234581714163,
        1.7771514481051218
    ],
    "-64": [
        2.192064372664378,
        1.0508178569860331
    ],
    "-63": [
        1.4802508168274826,
        -2.211993925753058
    ],
    "-62": [
        3.2316524068224792,
        0.7486913457810171
    ],
    "-61": [
        2.2312535520408567,
        0.5362850387092614
    ],
    "-60": [
        2.464567381149202,
        -1.1944985565258732
    ],
    "-59": [
        2.7376977159849076,
        1.7134482839690426
    ],
    "-58": [
        1.0042824542842907,
        -0.7719706423692551
    ],
    "-57": [
        2.9828952394023833,
        1.3760251988745746
    ],
    "-56": [
        2.2604115166330305,
        1.4820004549931292
    ],
    "-55": [
        7.497477211820398,
        0.32594411683751423
    ],
    "-54": [
        0.7178013901967468,
        2.6462914773318307
    ],
    "-53": [
        0.9505792218257135,
        2.3642284755583853
    ],
    "-52": [
        4.397097976443031,
        1.6913142916944341
    ],
    "-51": [
        6.994885626392751,
        -1.4287948550737932
    ],
    "-50": [
        2.4325520090764505,
        2.727548540083628
    ],
    "-49": [
        4.697222380856094,
        0.6432358912226708
    ],
    "-48": [
        7.60525919740029,
        0.5134725512087591
    ],
    "-47": [
        5.7501485739460705,
        3.0211112639031144
    ],
    "-46": [
        5.171981203740285,
        2.455044800306937
    ],
    "-45": [
        2.9119236762822043,
        1.6960674850208708
    ],
    "-44": [
        3.0365182041942216,
        1.3224882381309042
    ],
    "-43": [
        3.8449361609151538,
        0.8345438340315896
    ],
    "-42": [
        4.435789738287008,
        0.0845935606709973
    ],
    "-41": [
        3.548518277011921,
        0.9578420401821519
    ],
    "-40": [
        9.565218833912962,
        -1.6181188690145472
    ],
    "-39": [
        6.399968963656324,
        1.7147620810827096
    ],
    "-38": [
        11.577331866934994,
        1.5798226415597965
    ],
    "-37": [
        8.537447295981488,
        0.7083191597535015
    ],
    "-36": [
        12.776273943571516,
        -1.7353549994258195
    ],
    "-35": [
        3.5894517264916344,
        -0.8232454715919884
    ],
    "-34": [
        12.424454524801256,
        -0.11115323067286288
    ],
    "-33": [
        2.667233238148942,
        -2.2381075762793006
    ],
    "-32": [
        15.21071650221483,
        1.4361716088904275
    ],
    "-31": [
        19.29995102620346,
        1.2156267412531234
    ],
    "-30": [
        1.7069065184473504,
        -2.071763638962733
    ],
    "-29": [
        6.378970321717507,
        -2.016049620578462
    ],
    "-28": [
        2.610548292939131,
        2.277578239295673
    ],
    "-27": [
        2.6621501019833778,
        2.1449844861216483
    ],
    "-26": [
        11.811804067801363,
        2.451184796696146
    ],
    "-25": [
        6.3856243154684185,
        0.8907611962014486
    ],
    "-24": [
        26.84597157726278,
        0.2976152334192841
    ],
    "-23": [
        15.110140280403087,
        -2.346235432349578
    ],
    "-22": [
        18.476394032630935,
        1.0535155461523853
    ],
    "-21": [
        18.20146031811736,
        -1.646857183814899
    ],
    "-20": [
        20.738580753478793,
        -2.847609455728139
    ],
    "-19": [
        20.004857439817307,
        -0.3785125242931048
    ],
    "-18": [
        52.249677810676275,
        -0.10384990027840842
    ],
    "-17": [
        14.78853500753127,
        -0.9643916737219035
    ],
    "-16": [
        51.37456413636872,
        2.4838310792395455
    ],
    "-15": [
        40.48553984505955,
        2.2014081855062626
    ],
    "-14": [
        46.96442457837127,
        -2.19417181016656
    ],
    "-13": [
        24.191384966592032,
        -2.4264782473712816
    ],
    "-12": [
        57.37575574299068,
        -0.0522989061885992
    ],
    "-11": [
        53.22576923902866,
        -0.004190691191628312
    ],
    "-10": [
        62.37517575162824,
        -0.0030271997020394287
    ],
    "-9": [
        69.78674616346223,
        -2.0172082914526728
    ],
    "-8": [
        61.61459752615521,
        2.4744762169451593
    ],
    "-7": [
        300.4220357531176,
        0.7014463675399694
    ],
    "-6": [
        174.9726896122985,
        -2.696594610606074
    ],
    "-5": [
        338.9971326835869,
        1.2886877834991715
    ],
    "-4": [
        171.65124390931126,
        -0.5953234815727817
    ],
    "-3": [
        741.3933108666923,
        -0.5134121701982524
    ],
    "-2": [
        1253.7210330166117,
        2.8279705399540305
    ],
    "-1": [
        1773.7236566480963,
        1.3012487025783082
    ],
    "0": [
        0.352741980922,
        0.8097900667877475
    ],
    "1": [
        4714.806376984007,
        1.010539251469726
    ],
    "2": [
        249.9708922279666,
        1.5965910763272373
    ],
    "3": [
        252.93470254011393,
        2.5282739530532723
    ],
    "4": [
        220.0495729377029,
        1.2490216942203012
    ],
    "5": [
        187.8568773783459,
        -1.6981499985045794
    ],
    "6": [
        210.3439086254652,
        1.7767494044589829
    ],