{
    "-100": [
        0.04096094895792903,
        -0.8473730051069839
    ],
    "-99": [
        0.09615199930112035,
        1.2807471440278155
    ],
    "-98": [
        0.07245192287299584,
        -0.14134383274809806
    ],
    "-97": [
        0.2661714852815758,
        -1.0488387858975483
    ],
    "-96": [
        0.2835390659227075,
        -1.0609420579326316
    ],
    "-95": [
        0.17945931092923706,
        -1.8172097799646938
    ],
    "-94": [
        0.24363670149223518,
        2.957164691264357
    ],
    "-93": [
        0.1126374741730764,
        -2.896387746646146
    ],
    "-92": [
        0.017494670447621423,
        2.3076884492680274
    ],
    "-91": [
        0.1724719254916096,
        -1.423120677760742
    ],
    "-90": [
        0.12841836200758983,
        -1.6891376618468008
    ],
    "-89": [
        0.2902059516878208,
        2.584394006987422
    ],
    "-88": [
        0.11920775181550919,
        1.686861963379337
    ],
    "-87": [
        0.2964579021867637,
        0.7365155004505408
    ],
    "-86": [
        0.23243295426737026,
        1.504636429338148
    ],
    "-85": [
        0.16866590114545263,
        -2.793499200544898
    ],
    "-84": [
        0.035885187316771115,
        2.6912723142905666
    ],
    "-83": [
        0.40088448562410656,
        1.8095965617523713
    ],
    "-82": [
        0.033369268352061214,
        -0.8022198953990342
    ],
    "-81": [
        0.19201247175524805,
        -0.8609755712832646
    ],
    "-80": [
        0.2616643384561901,
        2.101935075321733
    ],
    "-79": [
        0.32012332978576474,
        0.4448169808020817
    ],
    "-78": [
        0.39558418697069875,
        0.9903980291748518
    ],
    "-77": [
        0.3942065093285934,
        1.8378977040391438
    ],
    "-76": [
        0.25197385873473443,
        -0.10792310216909319
    ],
    "-75": [
        0.25620223112456847,
        -0.4166023054937649
    ],
    "-74": [
        0.3709390986213055,
        3.1212874801053934
    ],
    "-73": [
        0.3349488089396779,
        2.5641945182130446
    ],
    "-72": [
        0.5546047919685215,
        -2.7570941978625876
    ],
    "-71": [
        0.3192484992305959,
        0.4709811354619526
    ],
    "-70": [
        0.26931493821676106,
        -2.162722899579264
    ],
    "-69": [
        0.36505049415673074,
        -3.0509798174811587
    ],
    "-68": [
        0.5892475138344111,
        -2.6503935931040496
    ],
    "-67": [
        0.572926708272293,
        1.4696374984012786
    ],
    "-66": [
        0.5485204588928472,
        -1.2439154014588674
    ],
    "-65": [
        0.9236223639306332,
        0.3536242389161606
    ],
    "-64": [
        0.24684578778400787,
        -1.438629979847861
    ],
    "-63": [
        0.3679218917303488,
        1.7097176030331207
    ],
    "-62": [
        0.25406945250695373,
        -0.4199370376274581
    ],
    "-61": [
        0.2671223223033187,
        -0.9091911117681222
    ],
    "-60": [
        0.6828364787144958,
        -1.2120519367114306
    ],
    "-59": [
        0.4646463402769525,
        -1.7267054772918649
    ],
    "-58": [
        1.2418288388012795,
        3.0404649952159133
    ],
    "-57": [
        0.7737330006240087,
        -0.1729527044652714
    ],
    "-56": [
        0.43530459624687995,
        -1.0843582433778935
    ],
    "-55": [
        0.1854325446197319,
        -0.08498413606596038
    ],
    "-54": [
        0.6803634634732582,
        2.8530991277805158
    ],
    "-53": [
        0.6138913069742788,
        2.888664807446061
    ],
    "-52": [
        1.011056141207957,
        -1.2842247180522215
    ],
    "-51": [
        1.2723993185739046,
        -1.589830542573532
    ],
    "-50": [
        1.1646131715347816,
        -1.8642975394182317
    ],
    "-49": [
        0.5105995988589077,
        2.1074116549518953
    ],
    "-48": [
        0.6913358714557667,
        2.8431839989263055
    ],
    "-47": [
        1.1054027398753559,
        2.656096055638973
    ],
    "-46": [
        0.8838088435210356,
        2.203492933902662
    ],
    "-45": [
        0.6342185443520664,
        2.952453026908702
    ],
    "-44": [
        0.6397141588376152,
        -2.3014533425971577
    ],
    "-43": [
        1.2333411294662728,
        -0.18835687976456247
    ],
    "-42": [
        0.7342926106353654,
        -1.2345767737801638
    ],
    "-41": [
        0.4722695330224392,
        -0.1572911080648403
    ],
    "-40": [
        0.21599288062920916,
        0.5496668963407897
    ],
    "-39": [
        1.588564132610979,
        0.017857246733484714
    ],
    "-38": [
        1.7837467254867547,
        0.8806378578293966
    ],
    "-37": [
        0.9761784742728865,
        2.640313368785133
    ],
    "-36": [
        1.1651566507666113,
        1.0225632310031951
    ],
    "-35": [
        0.8248183582861942,
        -0.5310949802679106
    ],
    "-34": [
        3.1117981061868103,
        0.16592881919254232
    ],
    "-33": [
        0.9244068471558459,
        0.895394476867579
    ],
    "-32": [
        0.6760899066831941,
        -1.1741466167294605
    ],
    "-31": [
        1.7690526256919925,
        -1.232292618350469
    ],
    "-30": [
        2.1336560796900774,
        0.01313523665227739
    ],
    "-29": [
        2.431339762231956,
        -1.5216168325233146
    ],
    "-28": [
        0.4189546732576184,
        -2.8916701535815084
    ],
    "-27": [
        1.9122888042813087,
        -2.886622452817349
    ],
    "-26": [
        1.3780815992325075,
        -2.83601228891426
    ],
    "-25": [
        0.09176934436337285,
        0.25260385067563534
    ],
    "-24": [
        2.456732392268481,
        -0.37804159242730295
    ],
    "-23": [
        3.836000939218044,
        -2.373752998391408
    ],
    "-22": [
        3.257389794054383,
        2.517587979491562
    ],
    "-21": [
        2.1599012044066397,
        -2.462558934481543
    ],
    "-20": [
        4.052561985821742,
        -0.9228853554317801
    ],
    "-19": [
        1.822839655555514,
        0.705266391116331
    ],
    "-18": [
        3.200810592422764,
        2.8624456723862104
    ],
    "-17": [
        2.593436531898683,
        -1.424046572562625
    ],
    "-16": [
        3.749443413728372,
        -1.3216097698828804
    ],
    "-15": [
        2.9494231426324,
        1.1238542635249547
    ],
    "-14": [
        8.503396146362228,
        2.3778062761961367
    ],
    "-13": [
        4.885325371439058,
        1.4707271700677362
    ],
    "-12": [
        17.96617105400248,
        0.3891534832513364
    ],
    "-11": [
        15.563844428599024,
        3.024421357484363
    ],
    "-10": [
        12.575144548271401,
        1.1394029214492676
    ],
    "-9": [
        9.940851497673624,
        -0.008496824877071475
    ],
    "-8": [
        7.6382418142815895,
        0.07810200436223398
    ],
    "-7": [
        10.749654585531323,
        -2.2730899748935114
    ],
    "-6": [
        24.724444718103626,
        -3.114703726248345
    ],
    "-5": [
        22.009014714290196,
        -1.9477307201033818
    ],
    "-4": [
        23.29866406015157,
        0.00640628103979136
    ],
    "-3": [
        68.21974701701382,
        0.5070675682187171
    ],
    "-2": [
        61.73880385336574,
        2.261450303666565
    ],
    "-1": [
        61.63445624700096,
        -2.9209634039268737
    ],
    "0": [
        0.80159695733005,
        0.8017418919747328
    ],
    "1": [
        59.369747132283436,
        -2.7977418859478673
    ],
    "2": [
        57.146756864053145,
        2.5764054078852987
    ],
    "3": [
        70.87714315530026,
        0.933835197688173
    ],
    "4": [
        26.520323437391088,
        0.3386772048648614
    ],
    "5": [
        19.347426281735707,
        -1.119728513424957
    ],