{
    "-100": [
        4.314021001650258,
        1.845743306429904
    ],
    "-99": [
        2.6077584326501286,
        2.3394538646242906
    ],
    "-98": [
        14.09624989356376,
        2.737177535735927
    ],
    "-97": [
        17.950165939176724,
        3.095814993894276
    ],
    "-96": [
        15.312288302670376,
        -2.6413126072641506
    ],
    "-95": [
        15.497870643303871,
        -2.5448946371494183
    ],
    "-94": [
        9.586551122647059,
        -1.4398742222818186
    ],
    "-93": [
        6.566397845000074,
        -2.0452584774466978
    ],
    "-92": [
        12.341103376049363,
        3.107618973736674
    ],
    "-91": [
        12.392106347455343,
        3.014755920628724
    ],
    "-90": [
        13.536410067552756,
        -2.2676504309574037
    ],
    "-89": [
        10.169356575293664,
        -1.822580621842732
    ],
    "-88": [
        8.945101570379528,
        -0.06772085590754451
    ],
    "-87": [
        4.3146965272329165,
        0.2170424347294057
    ],
    "-86": [
        14.828338175773634,
        2.6777813037172704
    ],
    "-85": [
        14.707758223604909,
        2.777278563720461
    ],
    "-84": [
        7.247160224938438,
        -2.9959172402614143
    ],
    "-83": [
        9.880906992945029,
        -2.447003367418064
    ],
    "-82": [
        3.4805490907827523,
        0.7516114106542515
    ],
    "-81": [
        7.686505943955011,
        2.4385350994927864
    ],
    "-80": [
        20.38687041029742,
        2.970197980133405
    ],
    "-79": [
        16.57080192879881,
        -3.0452169168686436
    ],
    "-78": [
        20.76105700958564,
        -2.2706775029618473
    ],
    "-77": [
        14.324036273124195,
        -2.4686549232349724
    ],
    "-76": [
        1.8333058966698343,
        -1.7763763430758641
    ],
    "-75": [
        5.582671468094208,
        -2.947280589458701
    ],
    "-74": [
        12.829260280197634,
        2.7861510932103095
    ],
    "-73": [
        7.334994740692843,
        -2.4699698528430494
    ],
    "-72": [
        16.428492518368074,
        -2.0801866599390184
    ],
    "-71": [
        4.231230873859892,
        -1.6940166541851933
    ],
    "-70": [
        9.486051421996661,
        1.0134927268652867
    ],
    "-69": [
        10.91086921219277,
        1.3818431329887804
    ],
    "-68": [
        16.230245622296305,
        2.3028365960096524
    ],
    "-67": [
        12.129730435993828,
        2.9877437938692872
    ],
    "-66": [
        21.133277758455048,
        -2.45238016560523
    ],
    "-65": [
        16.727579351889847,
        -2.6646388256317937
    ],
    "-64": [
        8.396630662793148,
        1.3151944608280484
    ],
    "-63": [
        14.63081808149327,
        2.615657229848599
    ],
    "-62": [
        27.47027124918579,
        3.013156125772117
    ],
    "-61": [
        22.122188596944422,
        -2.4915337385696468
    ],
    "-60": [
        33.62442507335222,
        -2.098875656940837
    ],
    "-59": [
        14.435712593236266,
        -2.0555723498910146
    ],
    "-58": [
        8.359610894130476,
        0.4862301244770872
    ],
    "-57": [
        11.85025172534485,
        -2.8743458592678666
    ],
    "-56": [
        16.64677082414286,
        -3.1047808117161293
    ],
    "-55": [
        13.215150221558579,
        -2.4100645234556315
    ],
    "-54": [
        16.43333457463221,
        -1.4084219801699178
    ],
    "-53": [
        11.91954487671363,
        0.7714094100394724
    ],
    "-52": [
        16.093701537948625,
        0.995264605297739
    ],
    "-51": [
        17.700286604245186,
        2.168890730521199
    ],
    "-50": [
        25.396495177969644,
        2.418393019839861
    ],
    "-49": [
        19.507666095411377,
        -2.806703070564248
    ],
    "-48": [
        23.421058806654393,
        -2.4049819393891445
    ],
    "-47": [
        14.067743137871071,
        -3.028036564593115
    ],
    "-46": [
        2.491452068215649,
        1.2298573986872285
    ],
    "-45": [
        30.56853963356955,
        3.0596946069041415
    ],
    "-44": [
        43.72214383071299,
        3.0871699373544557
    ],
    "-43": [
        25.27049226231245,
        -2.4167061945455726
    ],
    "-42": [
        42.03183176556097,
        -1.9529078288590833
    ],
    "-41": [
        15.387035015386724,
        -1.356469709669011
    ],
    "-40": [
        6.4479951211648405,
        -0.047685173312195274
    ],
    "-39": [
        28.356069566901542,
        -3.1296937423659914
    ],
    "-38": [
        27.858131036056506,
        3.14035155852154
    ],
    "-37": [
        22.140145519907033,
        -2.0727586929328172
    ],
    "-36": [
        25.24822032543911,
        -1.6860442761541037
    ],
    "-35": [
        19.71169668688477,
        1.1523187637606638
    ],
    "-34": [
        28.205046102186536,
        1.9046241468564038
    ],
    "-33": [
        35.50465789036305,
        2.8593842762651955
    ],
    "-32": [
        53.7544101038988,
        2.7263021717818057
    ],
    "-31": [
        24.1005949837539,
        -2.5287764075248913
    ],
    "-30": [
        32.806985346181186,
        -2.2110700370809915
    ],
    "-29": [
        29.949679958284214,
        2.534812284239101
    ],
    "-28": [
        19.696086086369206,
        -3.0585361751833893
    ],
    "-27": [
        48.28730575396058,
        3.0598210193737008
    ],
    "-26": [
        48.945310768035746,
        -2.7297584008143168
    ],
    "-25": [
        53.13548939951438,
        -1.5501251436670112
    ],
    "-24": [
        42.99302264670063,
        -2.210530477441627
    ],
    "-23": [
        20.25101207621592,
        0.39100625222241125
    ],
    "-22": [
        4.536597992035683,
        0.19669290691592167
    ],
    "-21": [
        26.811257349257737,
        2.9624442609755968
    ],
    "-20": [
        38.57100155966459,
        2.62892301673719
    ],
    "-19": [
        32.79468337412295,
        -1.7579277258326325
    ],
    "-18": [
        45.58016184458831,
        -2.72328820230098
    ],
    "-17": [
        42.3306005740219,
        1.8642907325639435
    ],
    "-16": [
        43.591835175143316,
        2.2986899076213287
    ],
    "-15": [
        128.09415948918283,
        3.0150301478056947
    ],
    "-14": [
        168.83631154410847,
        3.024718702434333
    ],
    "-13": [
        99.24535398402443,
        -2.744835646635753
    ],
    "-12": [
        60.514400623629584,
        -2.7808784722048525
    ],
    "-11": [
        131.2362360003333,
        2.4805223100230473
    ],
    "-10": [
        144.34163174295682,
        -3.059584152449768
    ],
    "-9": [
        282.1618063659315,
        -2.8041520047245854
    ],
    "-8": [
        194.72480427875942,
        -2.6577539286586114
    ],
    "-7": [
        229.52573891368837,
        -1.4291995862551843
    ],
    "-6": [
        86.52005684020492,
        0.627912429911163
    ],
    "-5": [
        157.1540983850932,
        1.2767165044326596
    ],
    "-4": [
        367.403778637361,
        -0.901855294933711
    ],
    "-3": [
        900.3209417265373,
        2.8777079025629324
    ],
    "-2": [
        108.51419317463314,
        1.2586310435333228
    ],
    "-1": [
        1193.3289727939946,
        1.164842280327786
    ],
    "0": [
        0.496045816997,
        0.7404093080219585
    ],
    "1": [
        2566.51532633775,
        2.2295430050557385
    ],
    "2": [
        75.74057773399043,
        -0.9495938015800778
    ],
    "3": [
        1379.774030826038,
        0.18504098709569344
    ],
    "4": [
        357.3731464369088,
        -0.4503744501567855
    ],
    "5": [
        566.2828006670028,
        1.123938594591365
    ],
    "6": [
        139.00963821466334,
        1.4823969699908146
    ],