{
    "-50": [
        0.0562700303455535,
        0.9886441733933996
    ],
    "-49": [
        0.06276597657333259,
        0.8694617117768622
    ],
    "-48": [
        0.07437395550498606,
        1.174283274291522
    ],
    "-47": [
        0.09350763220197388,
        1.0305945496332833
    ],
    "-46": [
        0.06745224147402665,
        0.4840096073627289
    ],
    "-45": [
        0.05933871581231744,
        1.0700708051696906
    ],
    "-44": [
        0.10945536844572075,
        1.216893101509728
    ],
    "-43": [
        0.08210224789960029,
        1.0675411418477307
    ],
    "-42": [
        0.047387778950297034,
        0.9767237600841523
    ],
    "-41": [
        0.05692300993538926,
        0.7800476525012353
    ],
    "-40": [
        0.07342635043827209,
        1.2480448247768514
    ],
    "-39": [
        0.1008002878691513,
        1.033578113266487
    ],
    "-38": [
        0.07006513640123245,
        0.22638941626889955
    ],
    "-37": [
        0.0507064931182375,
        1.1122487702251274
    ],
    "-36": [
        0.12619868979729354,
        1.2774711061898805
    ],
    "-35": [
        0.08414578845338264,
        1.0879818192567945
    ],
    "-34": [
        0.0319742507326944,
        0.9403276724963556
    ],
    "-33": [
        0.04869347639512574,
        0.5740413776136937
    ],
    "-32": [
        0.07312230119434418,
        1.3915687861440456
    ],
    "-31": [
        0.11382119217999004,
        1.0382453028445264
    ],
    "-30": [
        0.08550129847571204,
        -0.17244798093506775
    ],
    "-29": [
        0.033774109165750334,
        1.2485690006645493
    ],
    "-28": [
        0.16069613563345597,
        1.3587697240990844
    ],
    "-27": [
        0.08897920781245065,
        1.125892428685563
    ],
    "-26": [
        0.0029012542145698274,
        -0.19191167769962103
    ],
    "-25": [
        0.04233903457204732,
        -0.05264759053365515
    ],
    "-24": [
        0.07617809877794461,
        1.7046151064995325
    ],
    "-23": [
        0.14085554743105583,
        1.038883076944265
    ],
    "-22": [
        0.14649191211976284,
        -0.6013700046275161
    ],
    "-21": [
        0.01706048298520593,
        3.0573568086081826
    ],
    "-20": [
        0.24866940039072566,
        1.4635593210636377
    ],
    "-19": [
        0.09960205302358405,
        1.2036844467571164
    ],
    "-18": [
        0.07914161169730749,
        -2.1006156547358867
    ],
    "-17": [
        0.09503169538023734,
        -1.0087336127458089
    ],
    "-16": [
        0.11545094511886365,
        2.3326794791730636
    ],
    "-15": [
        0.21636430296440334,
        1.0289073493447072
    ],
    "-14": [
        0.3745810501354033,
        -0.8907515040703226
    ],
    "-13": [
        0.15520031786192587,
        -2.4134355995897265
    ],
    "-12": [
        0.5797412224793888,
        1.5759366545546274
    ],
    "-11": [
        0.12797330996316028,
        1.376184970944659
    ],
    "-10": [
        0.405386045988488,
        -2.172010063973645
    ],
    "-9": [
        0.45903536525087935,
        -1.2526485797560356
    ],
    "-8": [
        0.5216213384814823,
        2.965639771773404
    ],
    "-7": [
        0.5277730381992047,
        0.9053384925838645
    ],
    "-6": [
        1.9033984463171476,
        -0.9791321050033995
    ],
    "-5": [
        1.6898279987131972,
        -2.477529088812123
    ],
    "-4": [
        4.989673925493594,
        1.5280840788610144
    ],
    "-3": [
        1.1687919139098526,
        -1.7408753482160444
    ],
    "-2": [
        14.11974441223702,
        -2.6240019803738455
    ],
    "-1": [
        11.950128212150517,
        -0.8842124416091143
    ],
    "0": [
        0.2892892785675,
        1.042043700073741
    ],
    "1": [
        25.171281016248976,
        -1.6483193055301903
    ],
    "2": [
        9.062663423707528,
        -0.4017379975172794
    ],
    "3": [
        5.249415112038187,
        -2.8850457551972046
    ],
    "4": [
        4.216874993156978,
        0.7994026594348682
    ],
    "5": [
        1.0712544600004819,
        1.4213765234056057
    ],
    "6": [
        1.8890558791112848,
        -1.9942503809613024
    ],
    "7": [
        1.0255669908314244,
        -2.0582181570823628
    ],
    "8": [
        0.3634825393385662,
        2.237109174824155
    ],
    "9": [
        0.6531387425915323,
        1.1249852315568103
    ],
    "10": [
        0.8099915017774998,
        -1.0316912865317467
    ],
    "11": [
        0.2293065232409604,
        -2.4327208865350216
    ],
    "12": [
        0.517425349408633,
        1.3614188003335643
    ],
    "13": [
        0.18113420581641967,
        1.3136355919543008
    ],
    "14": [
        0.22996583826183192,
        -2.0183789146513944
    ],
    "15": [
        0.13923381928072895,
        -1.7332962006232568
    ],
    "16": [
        0.11686303687487916,
        1.9560585623111677
    ],
    "17": [
        0.2262502554259486,
        1.079916376866358
    ],
    "18": [
        0.23108438165189,
        -0.8322023229345809
    ],
    "19": [
        0.029915751935639424,
        -2.831086419131247
    ],
    "20": [
        0.23696764579588744,
        1.339957158363649
    ],
    "21": [
        0.11211623154460511,
        1.1853494059509686
    ],
    "22": [
        0.04256781919933008,
        -1.9581826663079074
    ],
    "23": [
        0.02778568727039846,
        -0.785530228718115
    ],
    "24": [
        0.08324970404199888,
        1.5632706794037856
    ],
    "25": [
        0.1443084739426748,
        1.0550200972439983
    ],
    "26": [
        0.10636403623676462,
        -0.4637770570239934
    ],
    "27": [
        0.02856663763016293,
        1.337491437975547
    ],
    "28": [
        0.1575885909658818,
        1.274895054749752
    ],
    "29": [
        0.09454733302751174,
        1.1147281484868712
    ],
    "30": [
        0.015003637223266787,
        0.8252554546138207
    ],
    "31": [
        0.03623711073270935,
        0.5654927777844938
    ],
    "32": [
        0.07726844900085954,
        1.3438917837376925
    ],
    "33": [
        0.11484505698892242,
        1.040315582346484
    ],
    "34": [
        0.0721350735034504,
        -0.012258268674318507
    ],
    "35": [
        0.04750851280561281,
        1.1233336312633944
    ],
    "36": [
        0.12559318480315115,
        1.215143875802992
    ],
    "37": [
        0.08800537882484522,
        1.079754059971038
    ],
    "38": [
        0.03890239419327016,
        0.9847287208600887
    ],
    "39": [
        0.0502879432508547,
        0.8101148422803012
    ],
    "40": [
        0.07583038567596503,
        1.2285270755613855
    ],
    "41": [
        0.10132135215716455,
        1.0307237250903383
    ],
    "42": [
        0.06511079446499565,
        0.3480954279850766
    ],
    "43": [
        0.0576862082591492,
        1.0746371587487678
    ],
    "44": [
        0.10945845955214956,
        1.1701477826890037
    ],
    "45": [
        0.08433918095684743,
        1.059546877244915
    ],
    "46": [
        0.051111140623802225,
        1.0032601611981127
    ],
    "47": [
        0.05853690625272781,
        0.8913739084851859
    ],
    "48": [
        0.07600721538220313,
        1.1636426059667337
    ],
    "49": [
        0.09424927935201502,
        1.0264883749572125
    ],
    "50": [
        0.06522436740177281,
        0.5677387780201124
    ]
}