{
    "-100": [
        3.8913411442189685,
        0.2543082395588297
    ],
    "-99": [
        5.1659520207765075,
        1.1127396767401356
    ],
    "-98": [
        1.0773724404289287,
        0.3503946475410358
    ],
    "-97": [
        2.9645409896842176,
        0.7318567100307822
    ],
    "-96": [
        4.799027206524394,
        1.5694035362690744
    ],
    "-95": [
        2.746230174487308,
        2.5881581424484357
    ],
    "-94": [
        0.3261873568944953,
        2.5757359562067927
    ],
    "-93": [
        3.5336019303076194,
        2.3607096880045697
    ],
    "-92": [
        0.5887388777994172,
        -2.306529396721558
    ],
    "-91": [
        4.620074648061163,
        -0.7891622977727698
    ],
    "-90": [
        5.019761729726964,
        1.0841663732303477
    ],
    "-89": [
        4.14700641449004,
        3.1142379908948468
    ],
    "-88": [
        3.749965515662223,
        0.3800188706777491
    ],
    "-87": [
        4.331718479636644,
        2.6515810202959655
    ],
    "-86": [
        2.431391748833081,
        2.2682580348442585
    ],
    "-85": [
        2.3999058208214805,
        1.37536559255751
    ],
    "-84": [
        2.3461869041003633,
        1.1615943543249603
    ],
    "-83": [
        2.9092788481400573,
        -2.7244582719060655
    ],
    "-82": [
        0.6969589766220387,
        1.522959580977064
    ],
    "-81": [
        3.2591101004442162,
        -0.5139895900386777
    ],
    "-80": [
        1.9679394038191877,
        2.5035419823860967
    ],
    "-79": [
        2.5903851366844473,
        3.1276228219181568
    ],
    "-78": [
        2.5735413369500506,
        1.0497297341158642
    ],
    "-77": [
        5.2477124228055105,
        2.637800332374313
    ],
    "-76": [
        4.025140977731696,
        -1.2428922243199496
    ],
    "-75": [
        5.973823914734232,
        2.3727479260309257
    ],
    "-74": [
        6.1371650184056925,
        2.9268438664516343
    ],
    "-73": [
        4.9744661983614655,
        -1.6492437063740337
    ],
    "-72": [
        2.8009206654951533,
        0.6527701301429271
    ],
    "-71": [
        4.333427912745367,
        2.364774882182306
    ],
    "-70": [
        6.836975684414186,
        -1.047964634118858
    ],
    "-69": [
        6.47465148938089,
        1.7917496245483873
    ],
    "-68": [
        8.96708257495154,
        3.101788928172928
    ],
    "-67": [
        6.123820813444237,
        -1.4631058591241115
    ],
    "-66": [
        10.295020625177285,
        0.5738773883139736
    ],
    "-65": [
        1.1333027653018228,
        -3.058351125625409
    ],
    "-64": [
        3.2591495604209837,
        0.9299804849637332
    ],
    "-63": [
        3.6901316367949355,
        -0.6400083618633475
    ],
    "-62": [
        1.596642939616547,
        -0.6833980717550402
    ],
    "-61": [
        10.067273717438658,
        -0.4495966841562625
    ],
    "-60": [
        10.411488204486858,
        1.0509671822792173
    ],
    "-59": [
        4.470168734432448,
        2.3545398309048915
    ],
    "-58": [
        11.136562821368681,
        -0.4390660630655522
    ],
    "-57": [
        13.061994611354837,
        0.8869761982956774
    ],
    "-56": [
        7.958057976355762,
        2.8392127076437443
    ],
    "-55": [
        14.241066315263474,
        -0.4427796728295306
    ],
    "-54": [
        16.369138658976826,
        1.929266790656348
    ],
    "-53": [
        11.819534937891039,
        -2.2678916419893005
    ],
    "-52": [
        7.338042541020153,
        0.6058349298453432
    ],
    "-51": [
        3.969419340097359,
        0.5766882955945127
    ],
    "-50": [
        10.993909768650818,
        1.3314610797366908
    ],
    "-49": [
        10.269235229010066,
        1.3863671271991083
    ],
    "-48": [
        11.276307846979222,
        -0.2553376538572748
    ],
    "-47": [
        9.585210054324277,
        -0.2037741872716306
    ],
    "-46": [
        11.684382890526187,
        0.47139346053585873
    ],
    "-45": [
        6.568348061633811,
        1.2629681592292445
    ],
    "-44": [
        19.63947393441311,
        2.4401675433727172
    ],
    "-43": [
        10.00122352148523,
        -1.1598837753923403
    ],
    "-42": [
        9.14440808339848,
        2.5607206842799393
    ],
    "-41": [
        14.268432020429332,
        -2.6352658780428744
    ],
    "-40": [
        18.211061740791635,
        -2.7479403414004535
    ],
    "-39": [
        8.576299871803617,
        -2.4824343053047633
    ],
    "-38": [
        9.739875623613703,
        2.5236456722752667
    ],
    "-37": [
        14.585046449562157,
        -2.6181409503690984
    ],
    "-36": [
        26.597234368284496,
        0.418241688069321
    ],
    "-35": [
        14.447020252461815,
        2.202321730455707
    ],
    "-34": [
        12.054449128212935,
        -0.5135531476421865
    ],
    "-33": [
        2.4861538318850895,
        2.3656550520642217
    ],
    "-32": [
        15.184231256360647,
        2.4404430042802185
    ],
    "-31": [
        42.37999946726373,
        -2.144622401603473
    ],
    "-30": [
        26.3045396998381,
        -0.9687125235138382
    ],
    "-29": [
        16.556717146068664,
        0.7177973159773239
    ],
    "-28": [
        27.661475822705256,
        -1.5806404232537201
    ],
    "-27": [
        54.40296395236795,
        0.014184125453476483
    ],
    "-26": [
        53.3221196140838,
        2.0482332355610025
    ],
    "-25": [
        28.99891283431946,
        -0.9134623273747097
    ],
    "-24": [
        36.722012535431034,
        1.0647020749644136
    ],
    "-23": [
        42.93698037303749,
        -2.2308434275359508
    ],
    "-22": [
        59.72937665568007,
        -0.6060580662715848
    ],
    "-21": [
        109.7139819335257,
        1.4921218080519612
    ],
    "-20": [
        113.67013359646381,
        -2.7498805074641375
    ],
    "-19": [
        34.22810775808324,
        -0.08859229374078971
    ],
    "-18": [
        51.68017193670464,
        2.91365628477232
    ],
    "-17": [
        35.70283567866042,
        0.5042478629800291
    ],
    "-16": [
        48.813204335618465,
        1.4048750490040478
    ],
    "-15": [
        41.813057192363274,
        2.0051619443218875
    ],
    "-14": [
        64.9637398437128,
        2.3533386907048164
    ],
    "-13": [
        22.963858439120596,
        0.29311391303298695
    ],
    "-12": [
        73.14257209454244,
        1.8839167448192042
    ],
    "-11": [
        158.5596807846211,
        2.901020166436812
    ],
    "-10": [
        31.67056836654284,
        -2.6679489599828266
    ],
    "-9": [
        179.62798439883295,
        -1.1813739393356586
    ],
    "-8": [
        91.4862490935119,
        -0.3926984637820966
    ],
    "-7": [
        439.747575922467,
        1.5002822556119653
    ],
    "-6": [
        288.0805355155824,
        2.3367563773557327
    ],
    "-5": [
        647.3393260807637,
        3.07846653022433
    ],
    "-4": [
        765.1395945956426,
        -2.8430442385240644
    ],
    "-3": [
        87.15060718752738,
        1.6811532953625872
    ],
    "-2": [
        1106.5202139456048,
        1.840911332340227
    ],
    "-1": [
        282.4009849237811,
        -2.6088723597941805
    ],
    "0": [
        0.884665627715,
        0.6940021699409827
    ],
    "1": [
        4262.94054898684,
        2.4483613744648762
    ],
    "2": [
        1647.871247315614,
        1.4277341034967952
    ],
    "3": [
        884.4853570817531,
        2.6051083853163957
    ],
    "4": [
        513.2869127055884,
        -2.2104620310241074
    ],
    "5": [
        270.89743208419685,
        0.0326842488628914
    ],
    "6": [
        212.5366962402085,
        2.805926558847433
    ],