{
    "-100": [
        1.419028723136287,
        0.006629674914790562
    ],
    "-99": [
        1.264164514360254,
        2.110232096759445
    ],
    "-98": [
        1.5287995363180475,
        0.43038404179451417
    ],
    "-97": [
        1.1008216798993167,
        2.362612127099277
    ],
    "-96": [
        2.1714896331138682,
        0.28582206475870187
    ],
    "-95": [
        1.2973876385597858,
        2.9680477389324733
    ],
    "-94": [
        1.990047474809422,
        2.032182990511015
    ],
    "-93": [
        0.42089576814981455,
        -1.468725402355349
    ],
    "-92": [
        2.593617556764145,
        1.6316355891035663
    ],
    "-91": [
        0.6098838861753998,
        1.5300609804069076
    ],
    "-90": [
        0.958350779585413,
        -2.742515967554272
    ],
    "-89": [
        1.5163389393495605,
        -0.21466375163249
    ],
    "-88": [
        1.6265544373559606,
        2.921828175917614
    ],
    "-87": [
        0.68621162978937,
        -2.551286046388258
    ],
    "-86": [
        0.6766654145344558,
        -0.0561736544736784
    ],
    "-85": [
        0.5131708438355276,
        2.481545802972444
    ],
    "-84": [
        0.6693815913806024,
        -0.7344535891558767
    ],
    "-83": [
        1.407485180941474,
        -1.8959036170667578
    ],
    "-82": [
        1.506621937313977,
        -0.09130807352989617
    ],
    "-81": [
        1.8492008214516455,
        1.5581007191479768
    ],
    "-80": [
        0.8125583778637747,
        -1.6894559773345448
    ],
    "-79": [
        3.378569830600605,
        -0.15237783174374292
    ],
    "-78": [
        3.008263659985793,
        1.734246881816313
    ],
    "-77": [
        1.8552346966800137,
        -2.292337912645973
    ],
    "-76": [
        1.872667865807676,
        0.1400229997347032
    ],
    "-75": [
        2.029078074951696,
        1.4540449609574795
    ],
    "-74": [
        0.20694059844149967,
        1.9715255790790491
    ],
    "-73": [
        1.1001488049025625,
        -0.9446170188105287
    ],
    "-72": [
        1.490527917693658,
        0.864920351362423
    ],
    "-71": [
        0.5348069250675945,
        1.15378564756036
    ],
    "-70": [
        0.8036224982760619,
        2.6008517544942933
    ],
    "-69": [
        1.629315320234845,
        -0.10579885161621787
    ],
    "-68": [
        0.42851983691583756,
        -3.1305943125563767
    ],
    "-67": [
        0.7092304623763637,
        1.9734782385274474
    ],
    "-66": [
        1.3972738884784348,
        -2.4020005641046263
    ],
    "-65": [
        2.183480271948906,
        0.2913792488766728
    ],
    "-64": [
        1.6574612411458165,
        1.4910120067771118
    ],
    "-63": [
        0.5565227205795013,
        2.8076578142411095
    ],
    "-62": [
        2.9489741347650322,
        -0.37172380107797187
    ],
    "-61": [
        3.504519204199212,
        1.798055211382938
    ],
    "-60": [
        0.9736919503694076,
        -2.1626378089414113
    ],
    "-59": [
        2.145250843137507,
        0.5826850815696221
    ],
    "-58": [
        1.3538020481498763,
        -2.79599013280543
    ],
    "-57": [
        2.566611707492082,
        1.5274043391933052
    ],
    "-56": [
        2.5402514477416265,
        -3.12063179351268
    ],
    "-55": [
        0.7628760542345847,
        -1.1371028581855704
    ],
    "-54": [
        2.0022984962566093,
        0.6715256623465309
    ],
    "-53": [
        4.341805252079175,
        -2.6344286281034
    ],
    "-52": [
        4.644558648134924,
        -0.7885822507002513
    ],
    "-51": [
        3.0855004848809076,
        2.063633228985417
    ],
    "-50": [
        2.406827229951979,
        -1.4324515800689908
    ],
    "-49": [
        2.4500975088355843,
        -0.0707769608311135
    ],
    "-48": [
        2.1162243296084986,
        0.17684650063681884
    ],
    "-47": [
        2.81930560011104,
        -0.5605825635172338
    ],
    "-46": [
        2.1479607613841445,
        -0.7118001474207709
    ],
    "-45": [
        3.859615424378377,
        1.089227565751863
    ],
    "-44": [
        2.73124097342722,
        1.5822359811195688
    ],
    "-43": [
        3.542410537658998,
        1.0838646434176542
    ],
    "-42": [
        2.132865780740481,
        0.6809179039337349
    ],
    "-41": [
        2.3026007044811676,
        2.612407702585904
    ],
    "-40": [
        3.8810959079029748,
        0.6479958332219586
    ],
    "-39": [
        6.291530998034516,
        2.4876378963708476
    ],
    "-38": [
        4.150009292409653,
        0.5969863581471505
    ],
    "-37": [
        2.71000788764053,
        1.8059520673328988
    ],
    "-36": [
        4.002405908243419,
        -2.040781207080964
    ],
    "-35": [
        1.3053792701109994,
        2.324602607192104
    ],
    "-34": [
        1.161374820208078,
        2.6343673061804953
    ],
    "-33": [
        3.587515078649618,
        -1.714696734848965
    ],
    "-32": [
        5.44462102433916,
        1.4316184316916447
    ],
    "-31": [
        4.819465064362726,
        -1.3883198720755963
    ],
    "-30": [
        5.034983377320401,
        0.5329665695290668
    ],
    "-29": [
        4.964756944239879,
        -1.9976920955050443
    ],
    "-28": [
        4.140793030371467,
        0.7256962822271044
    ],
    "-27": [
        1.3801285409246562,
        0.5336189389600705
    ],
    "-26": [
        3.197000997480968,
        2.672856374398305
    ],
    "-25": [
        7.037218932183914,
        0.1434690176586806
    ],
    "-24": [
        2.0021669438517273,
        2.114273691027372
    ],
    "-23": [
        7.229023658461929,
        0.5341258918599465
    ],
    "-22": [
        2.6904887645696083,
        0.6278708010180172
    ],
    "-21": [
        4.968848788693382,
        1.713408774812214
    ],
    "-20": [
        1.3391268145206283,
        1.474438745171664
    ],
    "-19": [
        1.9702747783298575,
        2.0445105831409434
    ],
    "-18": [
        8.99579157950258,
        0.5208225186099279
    ],
    "-17": [
        9.788967552619615,
        -2.598161660699688
    ],
    "-16": [
        13.829553051197317,
        0.1388372095063147
    ],
    "-15": [
        7.3426319884007345,
        1.559552680043789
    ],
    "-14": [
        3.806804472592598,
        0.3706996413506713
    ],
    "-13": [
        1.8975065483996696,
        0.85714822753647
    ],
    "-12": [
        10.99234677502561,
        1.7095944045424771
    ],
    "-11": [
        19.86839886355868,
        2.2107275040768224
    ],
    "-10": [
        5.415073424196423,
        0.4155021984991394
    ],
    "-9": [
        13.54495368944964,
        0.03389014270758485
    ],
    "-8": [
        22.3629075803899,
        -1.0262954143293488
    ],
    "-7": [
        4.889633295923498,
        -0.2733607565075814
    ],
    "-6": [
        13.964648711517158,
        -1.600483596920012
    ],
    "-5": [
        16.409518232286377,
        -1.7780131175072713
    ],
    "-4": [
        12.03520934767868,
        -2.4378927917680073
    ],
    "-3": [
        15.774606426659119,
        2.9292812425372396
    ],
    "-2": [
        12.36126509312057,
        2.270085466147262
    ],
    "-1": [
        5.338116145619171,
        -0.6429607846100703
    ],
    "0": [
        0.83216354891627,
        0.5353050316045911
    ],
    "1": [
        21.229034708856297,
        2.7313070815761082
    ],
    "2": [
        13.883928594848408,
        -3.1366645133263975
    ],
    "3": [
        13.274468861689977,
        -2.4326193905834277
    ],
    "4": [
        8.26988181294169,
        2.714662399336257
    ],
    "5": [
        9.01973307530198,
        1.658497688134491
    ],
    "6": [
        2.1546562589376834,
        -0.387593704191774
    ],