{
    "-50": [
        0,
        0
    ],
    "-49": [
        1.299224025239962,
        1.5707963267948966
    ],
    "-48": [
        0,
        0
    ],
    "-47": [
        1.3545101539735773,
        1.5707963267948966
    ],
    "-46": [
        0,
        0
    ],
    "-45": [
        1.4147106052612919,
        1.5707963267948966
    ],
    "-44": [
        0,
        0
    ],
    "-43": [
        1.480511098529259,
        1.5707963267948966
    ],
    "-42": [
        0,
        0
    ],
    "-41": [
        1.5527311521160523,
        1.5707963267948966
    ],
    "-40": [
        0,
        0
    ],
    "-39": [
        1.632358390686106,
        1.5707963267948966
    ],
    "-38": [
        0,
        0
    ],
    "-37": [
        1.7205939793718414,
        1.5707963267948966
    ],
    "-36": [
        0,
        0
    ],
    "-35": [
        1.8189136353359467,
        1.5707963267948966
    ],
    "-34": [
        0,
        0
    ],
    "-33": [
        1.9291508253563072,
        1.5707963267948966
    ],
    "-32": [
        0,
        0
    ],
    "-31": [
        2.053612168927682,
        1.5707963267948966
    ],
    "-30": [
        0,
        0
    ],
    "-29": [
        2.1952405943709703,
        1.5707963267948966
    ],
    "-28": [
        0,
        0
    ],
    "-27": [
        2.35785100876882,
        1.5707963267948966
    ],
    "-26": [
        0,
        0
    ],
    "-25": [
        2.5464790894703255,
        1.5707963267948966
    ],
    "-24": [
        0,
        0
    ],
    "-23": [
        2.767912053772093,
        1.5707963267948966
    ],
    "-22": [
        0,
        0
    ],
    "-21": [
        3.031522725559911,
        1.5707963267948966
    ],
    "-20": [
        0,
        0
    ],
    "-19": [
        3.3506303808820075,
        1.5707963267948966
    ],
    "-18": [
        0,
        0
    ],
    "-17": [
        3.7448221903975374,
        1.5707963267948966
    ],
    "-16": [
        0,
        0
    ],
    "-15": [
        4.244131815783876,
        1.5707963267948966
    ],
    "-14": [
        0,
        0
    ],
    "-13": [
        4.897075172058318,
        1.5707963267948966
    ],
    "-12": [
        0,
        0
    ],
    "-11": [
        5.787452476068922,
        1.5707963267948966
    ],
    "-10": [
        0,
        0
    ],
    "-9": [
        7.07355302630646,
        1.5707963267948966
    ],
    "-8": [
        0,
        0
    ],
    "-7": [
        9.094568176679735,
        1.5707963267948966
    ],
    "-6": [
        0,
        0
    ],
    "-5": [
        12.732395447351628,
        1.5707963267948966
    ],
    "-4": [
        0,
        0
    ],
    "-3": [
        21.22065907891938,
        1.5707963267948966
    ],
    "-2": [
        0,
        0
    ],
    "-1": [
        63.66197723675813,
        1.5707963267948966
    ],
    "0": [
        0,
        0
    ],
    "1": [
        -63.66197723675813,
        1.5707963267948966
    ],
    "2": [
        0,
        0
    ],
    "3": [
        -21.22065907891938,
        1.5707963267948966
    ],
    "4": [
        0,
        0
    ],
    "5": [
        -12.732395447351628,
        1.5707963267948966
    ],
    "6": [
        0,
        0
    ],
    "7": [
        -9.094568176679735,
        1.5707963267948966
    ],
    "8": [
        0,
        0
    ],
    "9": [
        -7.07355302630646,
        1.5707963267948966
    ],
    "10": [
        0,
        0
    ],
    "11": [
        -5.787452476068922,
        1.5707963267948966
    ],
    "12": [
        0,
        0
    ],
    "13": [
        -4.897075172058318,
        1.5707963267948966
    ],
    "14": [
        0,
        0
    ],
    "15": [
        -4.244131815783876,
        1.5707963267948966
    ],
    "16": [
        0,
        0
    ],
    "17": [
        -3.7448221903975374,
        1.5707963267948966
    ],
    "18": [
        0,
        0
    ],
    "19": [
        -3.3506303808820075,
        1.5707963267948966
    ],
    "20": [
        0,
        0
    ],
    "21": [
        -3.031522725559911,
        1.5707963267948966
    ],
    "22": [
        0,
        0
    ],
    "23": [
        -2.767912053772093,
        1.5707963267948966
    ],
    "24": [
        0,
        0
    ],
    "25": [
        -2.5464790894703255,
        1.5707963267948966
    ],
    "26": [
        0,
        0
    ],
    "27": [
        -2.35785100876882,
        1.5707963267948966
    ],
    "28": [
        0,
        0
    ],
    "29": [
        -2.1952405943709703,
        1.5707963267948966
    ],
    "30": [
        0,
        0
    ],
    "31": [
        -2.053612168927682,
        1.5707963267948966
    ],
    "32": [
        0,
        0
    ],
    "33": [
        -1.9291508253563072,
        1.5707963267948966
    ],
    "34": [
        0,
        0
    ],
    "35": [
        -1.8189136353359467,
        1.5707963267948966
    ],
    "36": [
        0,
        0
    ],
    "37": [
        -1.7205939793718414,
        1.5707963267948966
    ],
    "38": [
        0,
        0
    ],
    "39": [
        -1.632358390686106,
        1.5707963267948966
    ],
    "40": [
        0,
        0
    ],
    "41": [
        -1.5527311521160523,
        1.5707963267948966
    ],
    "42": [
        0,
        0
    ],
    "43": [
        -1.480511098529259,
        1.5707963267948966
    ],
    "44": [
        0,
        0
    ],
    "45": [
        -1.4147106052612919,
        1.5707963267948966
    ],
    "46": [
        0,
        0
    ],
    "47": [
        -1.3545101539735773,
        1.5707963267948966
    ],
    "48": [
        0,
        0
    ],
    "49": [
        -1.299224025239962,
        1.5707963267948966
    ],
    "50": [
        0,
        0
    ]
}